post_id,subreddit,title,selftext,created_utc,score,url
w001,ethereum,"Ethereum developers prepare Pectra upgrade for validator and wallet improvements","Ethereum core developers discussed the Pectra upgrade, account abstraction, staking UX, and changes that may affect validators and wallets across the ecosystem.",2026-05-01,812,https://example.com/web3/w001
w002,defi,"Uniswap governance debates fee switch proposal","Uniswap DAO members discussed a fee switch proposal, liquidity provider incentives, and possible effects on UNI token holders and Ethereum DeFi markets.",2026-05-02,643,https://example.com/web3/w002
w003,cryptocurrency,"Bitcoin ETF inflows rise as institutional demand returns","Bitcoin spot ETF inflows increased as BlackRock and Fidelity reported stronger institutional interest. Analysts connected the trend to macro liquidity and market sentiment.",2026-05-03,932,https://example.com/web3/w003
w004,solana,"Solana ecosystem growth continues after new DePIN and memecoin activity","Solana developers highlighted DePIN applications, memecoin trading volume, Jupiter swaps, and validator performance improvements.",2026-05-04,557,https://example.com/web3/w004
w005,web3,"Polygon and Arbitrum teams compare Layer 2 scaling roadmaps","Polygon, Arbitrum, Optimism, and Base teams discussed rollups, data availability, bridges, and lower transaction fees for Ethereum users.",2026-05-05,488,https://example.com/web3/w005
w006,nft,"NFT gaming projects experiment with on-chain assets","Immutable, Ronin, and Polygon gaming teams announced NFT asset standards, marketplace integrations, and player-owned economies.",2026-05-06,354,https://example.com/web3/w006
w007,defi,"Aave risk managers propose new stablecoin parameters","Aave governance reviewed USDC, DAI, and USDT risk parameters after volatility in lending markets. Chainlink oracle updates were also discussed.",2026-05-07,601,https://example.com/web3/w007
w008,dao,"MakerDAO governance votes on real-world asset allocation","MakerDAO delegates voted on real-world asset exposure, DAI stability, and treasury management. The proposal referenced US Treasury bills and risk controls.",2026-05-08,438,https://example.com/web3/w008
w009,web3,"Chainlink expands cross-chain interoperability protocol","Chainlink announced CCIP integrations with Avalanche, Ethereum, and Polygon. Developers said cross-chain messaging can support DeFi and tokenized asset workflows.",2026-05-09,512,https://example.com/web3/w009
w010,security,"Ledger phishing campaign targets wallet users","Ledger users reported phishing messages that attempted to steal seed phrases. Security researchers advised hardware wallet owners to verify URLs and avoid signing suspicious transactions.",2026-05-10,729,https://example.com/web3/w010
w011,ethereum,"EigenLayer restaking protocols attract new AVS projects","EigenLayer restaking attracted Actively Validated Services, Ethereum validators, and liquid restaking token protocols such as ether.fi and Renzo.",2026-05-11,686,https://example.com/web3/w011
w012,cryptocurrency,"SEC reviews new crypto market structure proposals","The SEC reviewed crypto market structure proposals affecting Coinbase, Binance, stablecoin issuers, and token listing rules in the United States.",2026-05-12,775,https://example.com/web3/w012
w013,defi,"Curve and Lido liquidity pools react to Ethereum staking demand","Curve pools and Lido stETH liquidity shifted after Ethereum staking demand increased. DeFi analysts watched slippage, validator yields, and liquidity incentives.",2026-05-13,476,https://example.com/web3/w013
w014,web3,"Base developers launch consumer crypto apps","Base developers launched social wallets, on-chain payments, and creator tools. Coinbase said consumer crypto adoption depends on simpler UX and lower fees.",2026-05-14,533,https://example.com/web3/w014
w015,privacy,"ZK projects push privacy and scaling roadmap","zkSync, Starknet, Polygon zkEVM, and Aztec developers discussed zero-knowledge proofs, privacy-preserving apps, and Ethereum scaling.",2026-05-15,447,https://example.com/web3/w015
